{
  "precision_at_k": {
    "Precision@1": 0.15172413793103448,
    "Precision@2": 0.10344827586206896,
    "Precision@3": 0.08558620689655161,
    "Precision@4": 0.07241379310344828,
    "Precision@5": 0.06413793103448269,
    "Precision@6": 0.058172413793103436,
    "Precision@7": 0.051137931034482775,
    "Precision@8": 0.0464827586206896,
    "Precision@9": 0.04248275862068964,
    "Precision@10": 0.039655172413793044,
    "Precision@11": 0.03662068965517237,
    "Precision@12": 0.03341379310344829,
    "Precision@13": 0.03224137931034485,
    "Precision@14": 0.028965517241379336,
    "Precision@15": 0.028379310344827612
  },
  "recall_at_k": {
    "Recall@1": 0.12586206896551724,
    "Recall@2": 0.17182758620689653,
    "Recall@3": 0.2063103448275862,
    "Recall@4": 0.22527586206896552,
    "Recall@5": 0.25055172413793103,
    "Recall@6": 0.26720689655172414,
    "Recall@7": 0.2804137931034483,
    "Recall@8": 0.29537931034482756,
    "Recall@9": 0.29651724137931035,
    "Recall@10": 0.30168965517241375,
    "Recall@11": 0.3062758620689655,
    "Recall@12": 0.3097241379310345,
    "Recall@13": 0.3097241379310345,
    "Recall@14": 0.3108620689655172,
    "Recall@15": 0.3108620689655172
  },
  "ndcg_at_k": {
    "NDCG@1": 0.15172413793103448,
    "NDCG@2": 0.16231620419634699,
    "NDCG@3": 0.18111823444138775,
    "NDCG@4": 0.19039601403255876,
    "NDCG@5": 0.2006617176928457,
    "NDCG@6": 0.2071824222678276,
    "NDCG@7": 0.21187486585264162,
    "NDCG@8": 0.21698275686324386,
    "NDCG@9": 0.21746988435586398,
    "NDCG@10": 0.21930339421914727,
    "NDCG@11": 0.2209343189029529,
    "NDCG@12": 0.22186617460787467,
    "NDCG@13": 0.22186617460787467,
    "NDCG@14": 0.2222803665244197,
    "NDCG@15": 0.2222803665244197
  }
}