{
  "precision_at_k": {
    "Precision@1": 0.2896551724137931,
    "Precision@2": 0.20517241379310344,
    "Precision@3": 0.17341379310344784,
    "Precision@4": 0.15775862068965518,
    "Precision@5": 0.13793103448275862,
    "Precision@6": 0.12548275862069,
    "Precision@7": 0.11279310344827599,
    "Precision@8": 0.10334482758620701,
    "Precision@9": 0.09899999999999973,
    "Precision@10": 0.09275862068965533,
    "Precision@11": 0.08658620689655161,
    "Precision@12": 0.0826896551724136,
    "Precision@13": 0.08106896551724106,
    "Precision@14": 0.07362068965517261,
    "Precision@15": 0.07248275862068976
  },
  "recall_at_k": {
    "Recall@1": 0.24589655172413788,
    "Recall@2": 0.33724137931034476,
    "Recall@3": 0.40965517241379307,
    "Recall@4": 0.47293103448275864,
    "Recall@5": 0.5114482758620691,
    "Recall@6": 0.5493793103448278,
    "Recall@7": 0.579241379310345,
    "Recall@8": 0.6085172413793106,
    "Recall@9": 0.6407241379310347,
    "Recall@10": 0.6534137931034483,
    "Recall@11": 0.6758620689655174,
    "Recall@12": 0.7028620689655173,
    "Recall@13": 0.7201379310344828,
    "Recall@14": 0.7304827586206897,
    "Recall@15": 0.7373793103448276
  },
  "ndcg_at_k": {
    "NDCG@1": 0.2896551724137931,
    "NDCG@2": 0.32502070156056384,
    "NDCG@3": 0.3613435352301741,
    "NDCG@4": 0.392671996786217,
    "NDCG@5": 0.4092891686600294,
    "NDCG@6": 0.4241352938171458,
    "NDCG@7": 0.43565860046853266,
    "NDCG@8": 0.44640769446207335,
    "NDCG@9": 0.45736518429116535,
    "NDCG@10": 0.4619231265913315,
    "NDCG@11": 0.46889408178206354,
    "NDCG@12": 0.47743840209574684,
    "NDCG@13": 0.4825411668297751,
    "NDCG@14": 0.4853887390310699,
    "NDCG@15": 0.4875030396957784
  }
}